,current_value,total_value,time
0,1,1,3.127941131591797
1,1,4,4.619176864624023
2,1,8,8.52909803390503
3,-1,10,11.102414608001709
4,-1,4,13.49580430984497
5,-1,0,15.573654413223267
6,-1,-6,15.791727304458618
7,1,-5,17.96258282661438
8,1,0,20.481257915496826
9,1,4,23.972138166427612
10,-1,7,26.6392343044281
