,current_value,total_value,time
0,1,1,3.464878559112549
1,1,6,11.209696292877197
2,1,11,15.120704174041748
3,1,16,18.04604482650757
4,1,19,20.446147918701172
5,1,23,26.03134799003601
