,current_value,total_value,time
0,1,1,9.50370454788208
1,-1,2,15.037933826446533
2,-1,-4,15.239402055740356
3,1,-4,21.08438277244568
4,-1,-2,28.734395265579224
5,-1,-8,28.966724157333374
