,current_value,total_value,time
0,1,1,5.274740695953369
1,1,7,15.977177619934082
2,1,12,18.785032987594604
3,1,17,25.771376371383667
