,current_value,total_value,time
0,-1,-1,2.061373233795166
1,1,-6,10.433500051498413
2,1,0,10.66355562210083
3,-1,-1,15.538489580154419
4,-1,-7,21.085078239440918
5,-1,-13,21.292956352233887
6,-1,-15,26.824997663497925
7,-1,-22,27.0422682762146
