,current_value,total_value,time
0,-1,-1,2.2748234272003174
1,1,-4,4.642421245574951
2,1,0,9.06042218208313
3,1,4,10.804965019226074
4,1,8,17.619821786880493
5,1,13,23.12658452987671
6,1,18,28.868876457214355
