,current_value,total_value,time
0,1,1,2.670212745666504
1,1,6,4.446649074554443
2,-1,9,16.299190521240234
3,1,8,18.426165103912354
4,1,12,23.203116178512573
5,1,16,29.207990884780884
