,current_value,total_value,time
0,1,1,4.071978330612183
1,1,5,6.118692636489868
2,1,9,9.991924047470093
3,-1,11,16.849790811538696
4,-1,7,18.60639786720276
5,1,4,26.582904815673828
6,-1,6,29.38704514503479
