,current_value,total_value,time
0,1,1,4.368171453475952
1,1,7,7.494021415710449
2,1,10,12.2472665309906
3,1,14,21.76673698425293
4,-1,16,26.520004749298096
