,current_value,total_value,time
0,-1,-1,3.9097092151641846
1,-1,-5,6.300581932067871
2,1,-6,13.175086259841919
3,-1,-5,14.489630699157715
4,-1,-9,17.796228647232056
5,-1,-11,23.948538541793823
6,1,-12,26.134658575057983
7,1,-8,26.631434679031372
8,1,-3,28.208642959594727
9,1,0,28.50037980079651
