,current_value,total_value,time
0,1,1,4.338396787643433
1,-1,4,10.726891994476318
2,-1,0,14.70284128189087
3,1,-2,16.135068655014038
4,1,3,20.115430116653442
5,1,7,22.380579710006714
6,1,11,27.438624143600464
