,current_value,total_value,time
0,-1,-1,3.0684237480163574
1,1,-3,4.8714728355407715
2,-1,-3,13.064577579498291
3,1,-5,15.414592981338501
4,1,-1,20.060050010681152
5,-1,1,23.815003156661987
6,1,-1,26.589637756347656
