,current_value,total_value,time
0,-1,-1,6.713631868362427
1,1,-3,10.908647775650024
2,1,0,15.948283672332764
