,current_value,total_value,time
0,1,1,2.8567845821380615
1,1,8,18.54357385635376
2,-1,11,26.65741491317749
3,-1,4,26.88176417350769
