,current_value,total_value,time
0,-1,67,2.377328157
1,-1,65,5.350635767
2,-1,60,21.53410792
