,current_value,total_value,time
0,1,1,3.3932647705078125
1,1,4,5.4208984375
2,1,6,14.239660024642944
3,1,12,17.751704692840576
4,1,16,23.463680028915405
