,current_value,total_value,time
0,-1,-1,3.787982225418091
1,-1,-8,4.001596927642822
2,-1,-9,4.3416149616241455
3,-1,-14,4.549128770828247
