,current_value,total_value,time
0,-1,-1,2.394257068634033
1,-1,-6,5.864588260650635
2,1,-9,14.083090543746948
3,1,-5,18.057840585708618
4,1,0,23.096487760543823
5,1,5,29.250412940979004
