,current_value,total_value,time
0,1,1,10.155874252319336
1,1,3,12.234682321548462
2,1,5,15.193112850189209
3,1,8,18.70521068572998
4,-1,8,25.258620262145996
5,1,6,27.98758363723755
