,current_value,total_value,time
0,-1,-1,6.847773551940918
1,-1,-6,7.055456638336182
2,-1,-8,21.087098598480225
