,current_value,total_value,time
0,-1,-1,1.2164649963378906
1,1,-4,7.50377893447876
2,1,0,19.14042639732361
3,-1,2,26.73308229446411
