,current_value,total_value,time
0,1,1,1.182034969329834
1,1,4,7.919741868972778
2,-1,5,16.721373319625854
3,1,3,20.54427409172058
4,-1,4,22.86881160736084
5,-1,1,26.760924339294434
