,current_value,total_value,time
0,1,1,6.92688512802124
1,1,5,9.951139450073242
2,-1,7,18.889672994613647
3,1,6,19.739738941192627
4,-1,6,24.82395076751709
