,current_value,total_value,time
0,1,1,9.176409006118774
1,1,5,12.837878465652466
2,1,7,21.76163673400879
