,current_value,total_value,time
0,-1,-1,18.532645225524902
1,-1,-7,18.737327337265015
2,-1,-8,28.127891540527344
