,current_value,total_value,time
0,1,1,6.9338059425354
1,1,7,13.870434999465942
