,current_value,total_value,time
0,-1,-1,5.861578702926636
1,-1,-4,6.132647752761841
2,-1,-8,7.32923436164856
3,1,-11,13.849454164505005
4,1,-6,14.29576587677002
5,1,-3,15.492223262786865
6,-1,-1,19.11605215072632
7,-1,-6,19.8494656085968
8,-1,-12,20.718759059906006
9,-1,-18,22.312283992767334
10,1,-20,27.46596336364746
11,1,-15,29.807077407836914
