,current_value,total_value,time
0,1,1,10.699418544769287
1,1,7,14.405340433120728
2,-1,9,21.460839986801147
3,1,8,24.25594162940979
