,current_value,total_value,time
0,1,1,4.016129970550537
1,1,5,15.751400709152222
2,-1,7,18.742584228515625
3,1,4,22.253178596496582
