,current_value,total_value,time
0,1,1,14.524612188339233
1,1,5,29.572311878204346
