,current_value,total_value,time
0,1,1,15.36697244644165
1,-1,3,19.81377601623535
