,current_value,total_value,time
0,-1,-1,11.427129030227661
1,1,-4,23.91285538673401
