,current_value,total_value,time
0,1,1,4.518272399902344
1,1,5,14.226767778396606
2,1,10,17.285990238189697
3,-1,13,25.154304265975952
4,-1,7,25.362471103668213
5,1,8,29.14509344100952
