,current_value,total_value,time
0,1,1,7.995972394943237
1,1,4,19.210609912872314
2,-1,7,29.652329683303833
