,current_value,total_value,time
0,1,1,6.803832054138184
1,1,4,7.098846673965454
2,1,7,7.360461473464966
3,1,9,7.6048924922943115
4,1,11,7.810202121734619
5,-1,12,11.790271759033203
6,1,9,17.236597537994385
7,-1,11,19.59319281578064
8,-1,8,19.859156131744385
9,-1,4,20.09353494644165
10,1,4,25.395891427993774
11,1,7,25.849976062774658
12,1,11,26.14363932609558
13,1,14,26.486584901809692
14,1,16,27.119343996047974
