,current_value,total_value,time
0,-1,-1,8.271458387374878
1,-1,-6,8.472555160522461
2,1,-5,11.712213277816772
3,-1,-3,23.97383689880371
