,current_value,total_value,time
0,1,1,4.7069244384765625
1,1,5,8.373566627502441
2,-1,7,11.617165803909302
3,1,4,19.062988758087158
4,1,6,29.520986557006836
