,current_value,total_value,time
0,1,1,4.424820184707642
1,1,6,8.245588541030884
2,1,11,17.166879892349243
3,-1,14,26.484504222869873
4,1,12,28.89063286781311
