,current_value,total_value,time
0,-1,-1,2.5809412002563477
1,1,-5,13.035740613937378
