,current_value,total_value,time
0,-1,-1,8.570181369781494
1,1,-5,21.83993101119995
