,current_value,total_value,time
0,1,1,2.8208415508270264
1,1,7,10.671660900115967
