,current_value,total_value,time
0,1,1,7.207457065582275
1,1,6,15.34005856513977
2,-1,10,29.129475593566895
