,current_value,total_value,time
0,-1,-1,4.737643718719482
1,1,-5,15.200658798217773
2,1,0,19.69830322265625
