,current_value,total_value,time
0,-1,-1,3.553614616394043
1,-1,-5,13.97709345817566
