,current_value,total_value,time
0,-1,-1,6.80846095085144
1,1,-4,16.461535215377808
2,1,1,19.893713235855103
3,1,6,29.087634325027466
