,current_value,total_value,time
0,-1,-1,3.4238674640655518
1,1,-5,13.864481687545776
2,1,-1,17.75644326210022
3,1,5,17.963650226593018
4,1,11,18.188615322113037
5,1,16,18.398507356643677
6,1,21,18.61026430130005
7,1,27,18.83513379096985
8,1,33,19.04091715812683
9,1,39,19.242923974990845
10,-1,38,19.457661151885986
11,-1,35,29.79914164543152
12,-1,29,30.0176944732666
