,current_value,total_value,time
0,1,1,2.326385021209717
1,-1,6,24.164049863815308
