,current_value,total_value,time
0,-1,-1,4.204097509384155
1,1,-5,10.359379768371582
2,-1,-2,12.713334321975708
3,1,-4,13.98797082901001
4,-1,-1,17.89740753173828
5,-1,-7,22.306153059005737
