,current_value,total_value,time
0,1,1,3.399902820587158
1,1,5,17.24404501914978
