,current_value,total_value,time
0,1,1,1.7117021083831787
1,-1,4,6.40285325050354
2,-1,-1,17.99746012687683
3,-1,-5,28.41233515739441
4,-1,-10,28.619773864746094
