,current_value,total_value,time
0,1,1,7.725939035415649
1,1,5,11.857658624649048
2,-1,7,20.271342277526855
3,1,5,21.93616485595703
4,-1,7,26.59464931488037
