,current_value,total_value,time
0,-1,-1,4.113202095031738
1,1,-3,14.654951095581055
2,-1,0,21.26324725151062
3,1,-2,22.32299304008484
4,-1,0,24.864985942840576
5,1,-1,28.492299795150757
