,current_value,total_value,time
0,1,1,1.1661202907562256
1,1,7,10.846381664276123
2,1,12,15.331618785858154
3,-1,15,19.643106698989868
4,-1,10,19.847597122192383
5,1,11,21.96544122695923
