,current_value,total_value,time
0,1,1,3.0900118350982666
1,1,8,3.3077945709228516
2,1,10,9.744855403900146
3,1,16,15.900105953216553
4,1,21,17.160836458206177
5,-1,23,20.813217639923096
6,1,20,23.32357931137085
7,1,25,27.228339672088623
8,-1,29,28.68484115600586
