,current_value,total_value,time
0,-1,-1,2.0694286823272705
1,-1,-6,3.0358219146728516
2,-1,-12,6.402261018753052
3,-1,-18,6.635662078857422
4,1,-17,10.11013674736023
5,1,-12,13.767920970916748
6,1,-5,16.68798828125
7,-1,-1,19.24131727218628
8,-1,-6,20.750624656677246
9,1,-7,21.06900906562805
10,-1,-5,23.006322145462036
11,-1,-11,24.63384985923767
