,current_value,total_value,time
0,-1,-1,6.4498817920684814
1,-1,-5,11.740103960037231
2,-1,-9,21.198481798171997
3,1,-11,25.756478548049927
4,1,-7,29.482352256774902
