,current_value,total_value,time
0,1,1,4.258132696151733
1,1,5,5.76542854309082
2,1,8,9.924148797988892
3,-1,10,15.922931432723999
4,-1,5,16.507302045822144
5,-1,2,17.258254528045654
6,-1,-1,20.233526945114136
7,-1,-4,20.463382959365845
8,-1,-7,26.84487533569336
9,1,-9,27.395838737487793
