,current_value,total_value,time
0,1,1,4.788977146148682
1,-1,2,5.636826038360596
2,1,0,6.434568881988525
3,-1,1,14.888211011886597
4,1,0,29.973990440368652
