,current_value,total_value,time
0,-1,-1,5.5026233196258545
1,-1,-5,9.425024032592773
2,1,-6,12.28325867652893
3,1,-2,15.869397640228271
4,-1,-1,22.796151161193848
5,-1,-4,25.008105278015137
6,1,-6,29.58272075653076
