,current_value,total_value,time
0,-1,-1,3.2036030292510986
1,1,-5,10.847898960113525
2,1,0,16.881643772125244
