,current_value,total_value,time
0,1,1,4.9130635261535645
1,1,3,18.286826610565186
2,1,9,18.51493549346924
3,-1,8,29.161085605621338
