,current_value,total_value,time
0,1,1,2.4428203105926514
1,1,5,2.9100468158721924
2,1,9,17.364800214767456
3,1,13,23.332587718963623
