,current_value,total_value,time
0,1,1,11.299563646316528
1,1,4,15.569340944290161
2,-1,5,19.26326322555542
3,1,3,24.048373460769653
4,1,6,25.422820806503296
5,-1,7,28.273663759231567
