,current_value,total_value,time
0,1,1,5.192720174789429
1,1,4,14.127692937850952
2,1,7,20.723775625228882
