,current_value,total_value,time
0,1,1,13.22775459
1,1,4,19.43901587
