,current_value,total_value,time
0,1,1,2.204963207244873
1,-1,3,4.740173101425171
2,-1,0,5.912048101425171
3,-1,-2,10.391059160232544
4,1,-3,14.298326253890991
5,1,0,16.775044679641724
6,1,3,23.877959728240967
7,1,7,24.87403702735901
8,1,12,25.118163347244263
9,1,16,25.42109704017639
10,-1,17,28.881764888763428
