,current_value,total_value,time
0,1,1,5.904038667678833
1,1,5,12.520190954208374
2,1,8,19.280633687973022
3,-1,10,28.45323634147644
