,current_value,total_value,time
0,1,1,3.847083568572998
1,1,7,11.698446989059448
2,1,12,18.77273178100586
3,-1,15,23.77610421180725
4,1,12,29.193992376327515
