,current_value,total_value,time
0,1,1,4.7011895179748535
1,-1,4,16.217387199401855
2,-1,-1,23.923704862594604
