,current_value,total_value,time
0,-1,-1,2.3026843070983887
1,1,-5,4.208371162414551
2,1,0,4.46094012260437
3,1,4,4.812368154525757
4,1,10,5.52426815032959
5,1,15,10.60940170288086
6,1,20,22.099207878112793
7,-1,23,25.64286494255066
8,-1,17,27.95486545562744
9,-1,11,28.58408546447754
10,1,7,29.40816354751587
11,1,13,29.828739643096924
