,current_value,total_value,time
0,1,1,3.469799280166626
1,1,7,7.624669075012207
2,1,12,21.245093822479248
