,current_value,total_value,time
0,1,1,10.493340253829956
1,1,7,13.220026731491089
2,-1,11,19.834484338760376
3,-1,6,23.60554528236389
4,1,4,26.698171377182007
5,1,9,26.905569314956665
6,1,10,29.978781700134277
