,current_value,total_value,time
0,1,1,16.9066960811615
1,-1,1,22.893425226211548
2,-1,-1,26.416752815246582
