,current_value,total_value,time
0,-1,-1,6.407226800918579
1,1,-4,11.095587730407715
2,1,-1,17.226413011550903
3,1,3,22.391836643218994
4,-1,4,27.544413805007935
