,current_value,total_value,time
0,1,1,11.208842992782593
1,1,7,11.428314447402954
2,-1,6,25.9279625415802
3,-1,0,26.15979528427124
