,current_value,total_value,time
0,1,1,6.672337532043457
1,1,7,6.908630847930908
2,1,8,19.412983417510986
3,1,13,25.101826190948486
4,-1,14,28.67624068260193
5,-1,8,28.905001163482666
6,-1,7,29.766393661499023
