,current_value,total_value,time
0,1,1,4.953437566757202
1,1,5,10.129438877105713
2,1,9,26.495803833007812
