,current_value,total_value,time
0,1,1,3.1212899684906006
1,-1,4,14.122859239578247
2,-1,-3,14.356487512588501
3,1,-3,22.868512630462646
