,current_value,total_value,time
0,1,1,3.842982292175293
1,1,3,5.493800640106201
2,1,8,9.434257507324219
3,-1,12,21.101717472076416
4,1,8,24.198901653289795
5,1,12,25.653128385543823
