,current_value,total_value,time
0,-1,-1,8.109001398086548
1,1,-3,25.758742332458496
