,current_value,total_value,time
0,-1,-1,6.580572605133057
1,1,-4,10.318737268447876
2,1,2,15.033966541290283
3,-1,5,22.19864511489868
4,-1,-1,22.426303148269653
