,current_value,total_value,time
0,1,1,4.156913995742798
1,-1,4,7.065218448638916
2,-1,0,13.989441633224487
3,1,-2,24.250720500946045
