,current_value,total_value,time
0,1,1,5.91987943649292
1,1,5,15.860767126083374
2,-1,8,22.962700843811035
