,current_value,total_value,time
0,1,1,1.8656589984893799
1,1,6,2.861421823501587
2,1,10,3.5511112213134766
3,1,15,4.078135251998901
4,1,20,6.762696743011475
5,1,24,13.744807243347168
6,-1,28,24.996010065078735
7,-1,23,26.5113205909729
8,-1,20,29.77674627304077
