,current_value,total_value,time
0,1,1,1.1843843460083008
1,1,8,1.3955879211425781
2,1,15,1.612297773361206
3,1,22,1.8279454708099365
4,1,27,3.0752997398376465
5,1,32,3.6665220260620117
6,1,37,3.9457547664642334
7,1,41,4.192298173904419
8,1,45,6.588236331939697
9,1,49,9.357009649276733
10,1,53,11.864044427871704
11,1,56,12.133399963378906
12,1,59,12.362304210662842
13,1,62,19.592138528823853
14,1,65,24.722375869750977
15,1,69,25.015382289886475
