,current_value,total_value,time
0,1,1,4.051858186721802
1,1,8,4.266045093536377
2,1,9,10.393368482589722
3,-1,11,12.552772998809814
4,1,10,16.164023399353027
5,1,14,17.414418697357178
6,-1,16,22.071958780288696
7,-1,12,26.122658729553223
