,current_value,total_value,time
0,-1,-1,11.964570045471191
1,1,-4,25.543461084365845
