,current_value,total_value,time
0,1,1,2.649844169616699
1,1,5,8.010055303573608
2,1,9,17.36493706703186
