,current_value,total_value,time
0,-1,-1,4.1929309368133545
1,-1,-8,5.320579767227173
2,-1,-14,6.547061920166016
3,1,-18,9.050864219665527
4,1,-15,9.282616138458252
5,1,-12,9.51311993598938
6,1,-9,10.620266199111938
7,1,-6,11.177983522415161
8,-1,-3,12.285223722457886
9,1,-4,18.945539474487305
10,1,1,22.584816217422485
11,1,5,28.798662424087524
