,current_value,total_value,time
0,1,1,2.840728759765625
1,1,7,16.682284593582153
