,current_value,total_value,time
0,1,1,3.711662769317627
1,1,7,4.2692649364471436
2,1,12,7.413297414779663
3,1,18,14.177101135253906
4,1,22,14.718300342559814
