,current_value,total_value,time
0,1,1,4.3900580406188965
1,-1,4,11.001858949661255
2,1,-1,25.316837072372437
