,current_value,total_value,time
0,1,1,4.599786281585693
1,1,6,7.342457056045532
2,1,9,11.46743655204773
3,1,14,19.6530544757843
