,current_value,total_value,time
0,-1,-1,1.263082504272461
1,1,-4,6.901897430419922
