,current_value,total_value,time
0,-1,-1,2.798816204071045
1,-1,-8,3.0137805938720703
2,-1,-9,5.852062225341797
3,1,-9,7.0273895263671875
4,1,-3,7.247434854507446
5,1,-2,11.097740650177002
6,-1,1,14.984795570373535
7,1,-1,18.36556911468506
8,1,6,18.58237051963806
9,1,7,21.924984455108643
10,1,12,23.63655138015747
11,-1,13,25.804031372070312
