,current_value,total_value,time
0,-1,-1,5.260205507278442
1,-1,-7,5.882294654846191
2,-1,-12,10.907758712768555
