,current_value,total_value,time
0,1,1,3.8880527019500732
1,1,8,10.21114730834961
2,1,14,10.448868036270142
3,1,16,19.055521726608276
4,-1,20,22.165178537368774
5,-1,14,22.384990692138672
6,-1,12,27.284868001937866
