,current_value,total_value,time
0,1,1,9.189699649810791
1,-1,4,17.523712873458862
