,current_value,total_value,time
0,1,1,5.70378565788269
1,1,7,8.923306703567505
2,1,12,19.392536401748657
3,1,18,19.599492073059082
4,1,19,23.200213193893433
