,current_value,total_value,time
0,-1,-1,2.5820233821868896
1,-1,-5,3.9883131980895996
2,1,-7,10.728676319122314
3,1,-3,15.424517631530762
4,1,-1,15.62639832496643
5,-1,0,19.893178462982178
6,-1,-4,20.6226065158844
7,-1,-7,26.516075134277344
