,current_value,total_value,time
0,-1,-1,1.4161274433135986
1,1,-5,4.808911085128784
2,1,0,11.795630693435669
3,-1,1,14.79018497467041
4,-1,-2,16.714643478393555
5,-1,-6,18.66447138786316
6,1,-8,20.672954559326172
7,1,-4,27.456623792648315
