,current_value,total_value,time
0,1,1,7.3616111278533936
1,-1,4,20.917057037353516
2,1,2,24.75079584121704
3,-1,5,29.534267902374268
