,current_value,total_value,time
0,1,1,2.9092636108398438
1,1,8,5.365062713623047
2,-1,11,12.325496912002563
3,-1,5,20.10136079788208
4,1,3,25.77807354927063
