,current_value,total_value,time
0,1,1,2.5286974906921387
1,1,6,5.4647908210754395
2,-1,6,10.974656105041504
3,-1,3,15.105581283569336
4,-1,0,17.69101905822754
5,1,-3,20.55393934249878
6,1,1,24.174483060836792
