,current_value,total_value,time
0,1,1,2.7391655445098877
1,-1,5,20.006432056427002
