,current_value,total_value,time
0,1,1,2.7203209400177
1,1,7,8.8657386302948
2,-1,8,11.781585931777954
3,-1,2,22.205831289291382
