,current_value,total_value,time
0,-1,-1,2.7381346225738525
1,-1,-4,14.264198780059814
