,current_value,total_value,time
0,1,1,6.892632007598877
1,1,7,18.597044944763184
2,-1,11,27.019009828567505
