,current_value,total_value,time
0,-1,-1,7.428095579147339
1,-1,-7,7.62859320640564
2,-1,-8,8.513734102249146
3,-1,-14,8.71762752532959
4,-1,-15,16.970890045166016
