,current_value,total_value,time
0,1,1,6.015454530715942
1,1,7,6.236286640167236
2,1,9,15.74561333656311
3,-1,11,21.043693780899048
