,current_value,total_value,time
0,1,1,1.1274101734161377
1,1,6,3.472076177597046
2,1,12,6.3905029296875
3,1,16,15.765805721282959
4,-1,18,23.885770559310913
