,current_value,total_value,time
0,-1,-1,2.6052253246307373
1,1,-3,3.4055819511413574
2,1,2,5.336138725280762
3,1,5,7.250836610794067
4,-1,7,11.128307104110718
5,1,5,16.721162796020508
6,1,8,18.317208290100098
7,1,12,19.692624807357788
8,-1,14,21.65425133705139
9,-1,9,23.853129863739014
10,-1,4,25.93259835243225
11,-1,0,27.685932159423828
