,current_value,total_value,time
0,1,1,3.79522705078125
1,-1,3,13.710637331008911
2,-1,-1,18.042778730392456
3,1,-4,19.858172178268433
4,-1,-2,27.035075187683105
