,current_value,total_value,time
0,1,1,3.485025644302368
1,1,7,4.13219428062439
2,1,10,9.155946731567383
3,-1,12,12.98554801940918
4,1,10,19.84546947479248
5,-1,12,22.46465539932251
6,-1,7,24.955188035964966
7,-1,2,28.30346369743347
