,current_value,total_value,time
0,1,1,3.3706061840057373
1,-1,4,13.743445634841919
2,1,1,20.34258508682251
3,1,5,25.857564687728882
