,current_value,total_value,time
0,1,1,3.1032533645629883
1,-1,5,12.275882005691528
2,-1,-1,12.494693279266357
3,1,0,19.7935528755188
4,-1,2,25.652722597122192
