,current_value,total_value,time
0,-1,-1,15.955111026763916
1,-1,-6,23.538324117660522
2,-1,-10,29.148863315582275
