,current_value,total_value,time
0,-1,-1,15.836722373962402
1,-1,-8,19.681160926818848
2,-1,-12,24.640453338623047
