,current_value,total_value,time
0,1,1,2.1469106674194336
1,1,5,5.478358745574951
2,1,9,9.24042296409607
3,-1,11,11.354668378829956
4,1,9,13.91895866394043
5,1,12,15.19823694229126
6,1,15,16.904801607131958
7,1,18,18.457062005996704
8,1,22,19.89014196395874
9,-1,23,24.395883321762085
10,-1,20,26.92948818206787
