,current_value,total_value,time
0,-1,-1,6.515329122543335
1,1,-3,13.039413928985596
2,-1,-1,19.45619559288025
3,-1,-5,25.090712308883667
4,-1,-9,28.111238718032837
