,current_value,total_value,time
0,-1,-1,3.030653715133667
1,-1,-8,22.234328269958496
2,-1,-14,22.440923929214478
3,1,-13,28.946699619293213
4,1,-7,29.170621395111084
