,current_value,total_value,time
0,-1,-1,3.2455668449401855
1,1,-3,16.357006311416626
