,current_value,total_value,time
0,-1,-1,3.5006847381591797
1,-1,-7,8.789605855941772
2,1,-9,14.026158809661865
