,current_value,total_value,time
0,-1,-1,3.6716368198394775
1,1,-5,16.15163278579712
2,-1,-3,23.29157018661499
