,current_value,total_value,time
0,1,1,5.338859796524048
1,-1,2,11.379627466201782
2,-1,-3,14.828936100006104
3,-1,-9,19.98146677017212
