,current_value,total_value,time
0,1,1,13.462558269500732
1,1,6,26.211203575134277
