,current_value,total_value,time
0,-1,-1,6.708268404006958
1,-1,-7,6.928495645523071
2,1,-9,17.981770992279053
3,1,-3,18.181812047958374
4,1,-1,22.29313611984253
5,1,5,28.10630989074707
