,current_value,total_value,time
0,1,1,5.484614849090576
1,-1,6,10.491087198257446
2,-1,-1,10.72281551361084
3,-1,-5,14.268568515777588
4,-1,-11,14.47106647491455
5,-1,-14,18.76407527923584
6,1,-18,20.336654663085938
7,1,-12,20.541887521743774
8,-1,-13,28.05331254005432
9,-1,-19,28.260295629501343
