,current_value,total_value,time
0,-1,-1,5.395540237426758
1,-1,-7,5.615024566650391
2,1,-6,11.222657203674316
3,1,0,13.804561376571655
4,1,6,16.83321213722229
5,1,12,17.071616411209106
6,1,13,18.95341444015503
7,-1,17,21.116841077804565
8,-1,11,21.333067655563354
9,-1,10,24.094065189361572
10,-1,5,27.150787353515625
