,current_value,total_value,time
0,1,1,4.4217658042907715
1,1,6,16.908414125442505
