,current_value,total_value,time
0,-1,-1,2.93510103225708
1,-1,-5,4.658162355422974
2,1,-5,10.188049793243408
3,-1,-4,24.954191207885742
