,current_value,total_value,time
0,1,1,2.4045510292053223
1,-1,4,22.05797028541565
2,1,2,29.780471086502075
