,current_value,total_value,time
0,1,1,9.398122787475586
1,1,5,13.434115171432495
2,1,9,18.92106342315674
