,current_value,total_value,time
0,-1,-1,9.343353748321533
1,-1,-5,19.941616773605347
