,current_value,total_value,time
0,1,1,5.151817083358765
1,1,7,5.377757787704468
2,1,8,9.264044761657715
3,1,14,9.474183082580566
4,1,18,13.720920085906982
5,-1,19,18.01761269569397
6,-1,13,18.24793577194214
