,current_value,total_value,time
0,-1,-1,7.001813173294067
1,-1,-4,13.217129707336426
2,-1,-7,20.922627925872803
