,current_value,total_value,time
0,1,1,2.7426340579986572
1,1,7,19.421077489852905
2,-1,10,27.620307683944702
