,current_value,total_value,time
0,-1,-1,1.1801133155822754
1,-1,-7,2.9820024967193604
2,-1,-12,6.6338372230529785
3,1,-14,10.816009759902954
4,-1,-14,18.20702815055847
5,-1,-18,28.11442518234253
