,current_value,total_value,time
0,1,1,1.4297246932983398
1,-1,6,4.61535120010376
2,-1,1,4.818073749542236
3,1,2,11.704729318618774
4,-1,6,22.917999505996704
5,-1,0,27.568383932113647
