,current_value,total_value,time
0,-1,-1,4.5920233726501465
1,1,-4,17.693376302719116
2,1,0,28.187466859817505
