,current_value,total_value,time
0,-1,-1,0.9306275844573975
1,-1,-8,7.400130748748779
2,1,-11,14.058604001998901
3,1,-7,16.395909309387207
4,1,-2,17.112536191940308
5,-1,1,25.337031364440918
