,current_value,total_value,time
0,1,1,9.339284896850586
1,1,8,9.576191186904907
2,1,9,15.245709896087646
3,-1,11,19.178898811340332
4,-1,6,29.66081404685974
