,current_value,total_value,time
0,1,1,11.734809637069702
1,-1,3,20.52692723274231
