,current_value,total_value,time
0,1,1,1.7851653099060059
1,1,7,3.5888843536376953
2,1,12,8.144988536834717
3,1,17,20.54066562652588
4,-1,19,28.83563733100891
