,current_value,total_value,time
0,-1,-1,5.890871047973633
1,-1,-5,10.577958583831787
2,1,-8,14.929089069366455
3,-1,-7,27.653859615325928
