,current_value,total_value,time
0,1,1,11.482370376586914
1,1,8,11.71826171875
2,1,9,21.823864459991455
