,current_value,total_value,time
0,1,1,3.582217216
1,-1,3,12.56719804
2,-1,2,17.43438458
3,-1,-19,21.22570086
4,-1,-28,22.26899052
5,1,-30,25.60635614
6,1,-27,26.16599083
7,-1,-27,28.50865507
