,current_value,total_value,time
0,1,1,2.5193214416503906
1,-1,4,19.16251850128174
2,-1,-2,19.36295247077942
3,1,-1,27.6460018157959
4,1,4,29.969579935073853
