,current_value,total_value,time
0,1,1,10.278950929641724
1,1,6,27.234582662582397
