,current_value,total_value,time
0,1,1,2.2491183280944824
1,-1,4,10.987776041030884
