,current_value,total_value,time
0,-1,-1,4.463819265365601
1,1,-3,8.205943822860718
2,1,3,8.41366982460022
3,-1,2,16.604061365127563
4,1,0,25.35327649116516
