,current_value,total_value,time
0,1,1,2.7762327194213867
1,1,6,4.298687219619751
2,-1,9,8.490893125534058
3,-1,4,11.659852027893066
4,1,1,18.693158864974976
5,1,6,22.471829414367676
6,1,10,23.747495412826538
7,1,14,25.621992349624634
