,current_value,total_value,time
0,-1,-1,10.968091249465942
1,-1,-7,11.17601728439331
2,-1,-8,19.272873401641846
