,current_value,total_value,time
0,1,1,7.570713043212891
1,-1,4,17.834741353988647
2,-1,-2,26.92371654510498
