,current_value,total_value,time
0,1,1,2.8828322887420654
1,1,5,4.956918239593506
2,1,9,6.977115154266357
3,1,14,8.177603006362915
4,1,18,9.906980037689209
5,1,23,11.545694351196289
6,-1,24,16.628376245498657
7,-1,18,17.65180253982544
8,-1,13,18.946170806884766
9,-1,8,20.075339555740356
10,1,5,21.701791286468506
11,1,9,22.940348625183105
12,1,15,26.21594214439392
