,current_value,total_value,time
0,-1,-1,3.9908607006073
1,-1,-6,4.269002914428711
2,-1,-12,8.304394006729126
3,1,-15,16.92003321647644
4,1,-10,17.2625629901886
5,1,-4,18.295628786087036
6,1,0,19.47283387184143
7,1,5,19.801323413848877
8,1,9,20.333993196487427
9,1,13,20.96678352355957
10,1,17,27.60236644744873
