,current_value,total_value,time
0,1,1,10.091461658477783
1,-1,4,17.370635271072388
2,-1,-1,17.580374479293823
3,1,0,22.889415979385376
