,current_value,total_value,time
0,-1,-1,0.9154276847839355
1,1,-3,5.424428939819336
2,1,3,13.800113201141357
3,-1,4,19.15206480026245
4,-1,-2,21.894272089004517
5,1,-5,24.428825855255127
6,-1,-3,29.164925575256348
