,current_value,total_value,time
0,-1,-1,1.366476058959961
1,-1,-8,1.5801734924316406
2,-1,-9,4.66823410987854
3,-1,-15,14.283104419708252
4,-1,-21,14.498701810836792
5,1,-20,16.25089406967163
6,1,-14,19.77847695350647
