,current_value,total_value,time
0,-1,-1,2.8557097911834717
1,-1,-8,3.0726680755615234
2,1,-7,13.653533220291138
3,1,-1,13.857695817947388
4,1,0,14.433094263076782
5,1,6,15.42566728591919
6,1,9,17.299169540405273
7,-1,13,20.569521188735962
8,-1,7,20.794732570648193
9,-1,6,24.843060970306396
