,current_value,total_value,time
0,-1,-1,7.23055100440979
1,1,-1,9.755004167556763
2,-1,1,17.796786308288574
3,-1,-3,26.541813611984253
