,current_value,total_value,time
0,-1,-1,2.641796112060547
1,-1,-8,2.854830265045166
2,-1,-10,18.58226227760315
3,-1,-15,18.79034972190857
4,1,-14,29.751487016677856
5,1,-8,29.956326961517334
