,current_value,total_value,time
0,1,1,1.3572607040405273
1,1,6,1.6622631549835205
2,1,10,13.15808367729187
3,-1,14,20.025426149368286
4,1,11,29.323267459869385
