,current_value,total_value,time
0,-1,-1,3.417182445526123
1,-1,-7,4.1621527671813965
2,1,-10,15.298467874526978
3,1,-6,28.47251319885254
