,current_value,total_value,time
0,1,1,3.390397548675537
1,1,6,16.11621379852295
2,-1,10,29.070839405059814
