,current_value,total_value,time
0,1,1,7.306438207626343
1,1,5,15.024067640304565
2,1,9,23.090832233428955
