,current_value,total_value,time
0,1,1,4.387380123138428
1,1,6,16.7369282245636
2,1,9,22.014364004135132
3,1,13,29.558603525161743
