,current_value,total_value,time
0,1,1,7.226048231124878
1,-1,2,13.350727796554565
2,-1,-3,17.766560316085815
3,-1,-6,22.378581285476685
