,current_value,total_value,time
0,-1,-1,4.71127724647522
1,1,-4,10.017298221588135
2,1,3,10.251370191574097
3,-1,2,16.9360294342041
