,current_value,total_value,time
0,1,1,1.5165431499481201
1,1,7,8.474440813064575
2,1,12,15.017723321914673
3,1,17,18.866355657577515
4,1,22,24.692275524139404
