,current_value,total_value,time
0,1,1,11.090750694274902
1,1,7,25.419744729995728
