,current_value,total_value,time
0,1,1,2.7897582054138184
1,1,6,8.145257711410522
2,1,11,18.15497064590454
