,current_value,total_value,time
0,-1,-1,7.44161581993103
1,-1,-7,7.667033672332764
2,-1,-8,14.869949579238892
