,current_value,total_value,time
0,1,1,6.109203100204468
1,1,5,11.700550317764282
2,-1,7,13.001269817352295
3,-1,2,17.30637001991272
4,1,-1,23.480761289596558
5,1,2,24.266761302947998
6,1,7,26.902098417282104
