,current_value,total_value,time
0,1,1,4.877996444702148
1,1,5,7.576443433761597
2,1,9,11.18959379196167
3,1,13,16.710429191589355
4,1,16,20.37068510055542
5,1,20,24.22206997871399
6,1,23,28.535550117492676
7,-1,25,30.00252366065979
