,current_value,total_value,time
0,-1,-1,6.207930088043213
1,-1,-6,6.421531677246094
2,1,-7,11.2319176197052
3,1,-1,11.437789678573608
4,1,0,13.595933198928833
5,-1,4,15.658371686935425
6,1,1,17.251821279525757
7,1,6,23.190942764282227
