,current_value,total_value,time
0,-1,-1,3.467313528060913
1,-1,-7,5.425601482391357
2,1,-10,11.781855583190918
3,-1,-7,16.860727071762085
4,1,-7,17.70512843132019
5,1,-3,22.023048162460327
