,current_value,total_value,time
0,1,1,6.936355113983154
1,1,5,11.536823272705078
2,1,9,17.0939724445343
3,1,13,24.69646406173706
4,1,16,27.864792823791504
