,current_value,total_value,time
0,1,1,5.051072359085083
1,1,4,12.689545631408691
2,1,8,18.474698543548584
3,1,13,22.457741737365723
4,1,17,27.38907527923584
