,current_value,total_value,time
0,1,1,6.374268293380737
1,1,6,14.079884052276611
2,-1,9,17.78435516357422
3,1,7,22.91716980934143
