,current_value,total_value,time
0,1,1,3.425672769546509
1,1,5,3.701988935470581
2,1,8,3.9180715084075928
3,1,12,4.2939910888671875
4,1,16,5.334175109863281
5,-1,18,13.37970495223999
6,-1,13,13.621499300003052
7,-1,9,13.875195503234863
8,-1,6,14.208893060684204
9,-1,1,23.417258262634277
10,-1,-2,23.70831274986267
11,-1,-6,25.263989210128784
12,-1,-12,29.675310134887695
