,current_value,total_value,time
0,1,1,7.287060737609863
1,1,4,17.030632495880127
2,-1,7,23.929750442504883
3,-1,3,27.355888843536377
