,current_value,total_value,time
0,1,1,2.5295846462249756
1,1,5,2.8338747024536133
2,1,9,3.9851572513580322
3,1,13,10.326422452926636
4,1,19,19.511471271514893
5,-1,20,23.386663913726807
6,-1,16,24.780829429626465
7,1,14,29.391279220581055
