,current_value,total_value,time
0,1,1,9.488131999969482
1,1,4,18.13573384284973
2,1,8,23.717724084854126
3,-1,10,25.936753273010254
4,-1,4,26.154096841812134
5,-1,3,27.641473054885864
