,current_value,total_value,time
0,-1,-1,4.338265657
1,1,-4,7.338448048
2,1,1,8.954141855
3,-1,5,17.82655549
4,-1,202,28.60797811
