,current_value,total_value,time
0,-1,-1,9.089321613311768
1,-1,-5,11.074015378952026
2,1,-8,24.385448217391968
3,1,-3,28.888084173202515
