,current_value,total_value,time
0,-1,-1,22.027279376983643
1,-1,-5,29.56915044784546
