,current_value,total_value,time
0,-1,-1,2.9367170333862305
1,-1,-8,3.1513330936431885
2,1,-8,5.853014945983887
3,1,-3,13.557472467422485
4,1,3,13.769908428192139
5,1,4,17.50846791267395
6,-1,8,23.971887588500977
7,-1,2,24.187847137451172
8,-1,0,28.537208795547485
9,-1,-6,28.753382682800293
