,current_value,total_value,time
0,1,1,9.403316497802734
1,1,6,26.375264644622803
