,current_value,total_value,time
0,-1,-1,3.415512800216675
1,-1,-8,3.6300806999206543
2,1,-9,11.11273717880249
3,-1,-5,13.723597764968872
4,1,-9,27.72223448753357
