,current_value,total_value,time
0,1,1,9.19071340560913
1,1,6,21.21180009841919
2,-1,8,27.878134965896606
