,current_value,total_value,time
0,1,1,8.45038366317749
1,-1,3,28.42986798286438
