,current_value,total_value,time
0,1,1,3.1504669189453125
1,1,7,3.6135940551757812
2,1,12,4.139683246612549
3,1,16,10.766376972198486
4,-1,19,22.378560304641724
5,-1,12,23.553269624710083
