,current_value,total_value,time
0,1,1,9.710731029510498
1,1,7,9.942878484725952
2,1,13,10.147127866744995
3,1,15,10.469022989273071
4,1,19,10.952580690383911
5,1,22,11.230075359344482
6,-1,24,21.011964559555054
7,-1,19,21.346524953842163
8,-1,15,21.63785219192505
9,-1,11,22.099031448364258
10,-1,6,22.3751277923584
11,-1,2,22.623019218444824
