,current_value,total_value,time
0,1,1,7.06750750541687
1,1,7,7.315958499908447
2,1,13,7.538295030593872
3,1,18,7.7434470653533936
4,1,23,7.944208145141602
5,1,29,8.166618824005127
6,1,35,8.3676278591156
7,1,42,8.58816909790039
8,1,49,8.828019380569458
9,1,56,9.06289553642273
10,1,62,9.271937370300293
11,1,68,9.495715141296387
12,1,74,9.708408117294312
13,1,76,11.139977216720581
14,-1,79,21.98438835144043
15,-1,73,29.358423233032227
