,current_value,total_value,time
0,1,1,4.716818809509277
1,1,6,4.930456876754761
2,1,7,8.61975383758545
3,1,13,11.512499809265137
4,-1,15,14.40864086151123
5,1,11,18.643341541290283
6,1,17,23.471956729888916
7,-1,21,28.482921838760376
8,-1,16,28.71991467475891
