,current_value,total_value,time
0,-1,-1,1.5790491104125977
1,1,-3,10.069425344467163
2,-1,0,17.223365306854248
3,-1,-5,24.019794464111328
