,current_value,total_value,time
0,-1,-1,12.096624612808228
1,-1,-4,15.61426830291748
2,-1,-10,19.752182006835938
