,current_value,total_value,time
0,1,1,9.671887397766113
1,-1,2,18.532329559326172
