,current_value,total_value,time
0,-1,-1,5.923596143722534
1,1,-5,8.130612134933472
