,current_value,total_value,time
0,1,1,14.510733842849731
1,1,5,22.46924376487732
