,current_value,total_value,time
0,-1,-1,3.672661781311035
1,-1,-7,5.140512466430664
2,-1,-10,9.980310916900635
3,1,-10,14.826363563537598
4,1,-7,16.33062767982483
5,1,-4,17.98679232597351
6,1,-2,23.162136793136597
