,current_value,total_value,time
0,-1,-1,5.701823711395264
1,1,-3,15.840338945388794
2,1,1,18.24367070198059
3,1,7,18.4489324092865
