,current_value,total_value,time
0,1,1,4.214780569076538
1,-1,3,7.730010986328125
2,-1,-1,10.266079425811768
3,1,-1,15.468204021453857
4,1,2,16.922396421432495
5,1,5,20.55647301673889
6,1,8,22.214062213897705
7,1,12,25.110676050186157
