,current_value,total_value,time
0,-1,-1,5.683706760406494
1,-1,-5,13.603515148162842
