,current_value,total_value,time
0,-1,-1,8.279141664505005
1,-1,-6,13.82333493232727
2,1,-9,24.182406425476074
