,current_value,total_value,time
0,1,1,16.89037561416626
1,1,4,24.37708830833435
