,current_value,total_value,time
0,-1,-1,5.3270251750946045
1,-1,-7,13.582880973815918
2,-1,-14,13.802483558654785
3,-1,-15,21.521599531173706
4,-1,-21,21.74441409111023
