,current_value,total_value,time
0,-1,-1,1.7005414962768555
1,1,-5,16.810868740081787
2,-1,-3,23.27472758293152
3,-1,-8,29.73275065422058
