,current_value,total_value,time
0,-1,-1,2.1303932666778564
1,-1,-8,15.03541088104248
2,1,-11,18.075429439544678
3,1,-6,26.132675170898438
