,current_value,total_value,time
0,-1,-1,5.338205337524414
1,-1,-7,5.562225341796875
2,-1,-8,17.12754797935486
3,1,-10,18.142302751541138
4,1,-6,25.661877155303955
