,current_value,total_value,time
0,1,1,7.826960563659668
1,1,5,18.69102191925049
