,current_value,total_value,time
0,1,1,11.108835458755493
1,-1,4,20.4506254196167
2,-1,-1,26.483820915222168
