,current_value,total_value,time
0,1,1,14.598292589187622
1,1,4,16.827028274536133
2,-1,7,22.127590894699097
3,-1,2,29.84334969520569
