,current_value,total_value,time
0,-1,-1,3.2185800075531006
1,1,-3,10.04235577583313
2,1,2,16.171764612197876
3,-1,4,20.864253520965576
4,-1,0,22.941725969314575
5,-1,-5,26.265923738479614
