,current_value,total_value,time
0,1,1,4.451278448104858
1,1,4,19.292189836502075
2,-1,5,23.21042561531067
3,-1,1,24.997440814971924
4,1,-1,27.32122230529785
