,current_value,total_value,time
0,-1,-1,2.9606435298919678
1,1,-4,6.213913202285767
2,-1,-2,9.790201425552368
3,1,-4,12.724245548248291
4,-1,-2,20.603468656539917
5,-1,-8,28.027331829071045
