,current_value,total_value,time
0,-1,-1,1.8839116096496582
1,1,-4,14.66437029838562
2,-1,-3,26.493901014328003
