,current_value,total_value,time
0,-1,-1,4.092464447021484
1,-1,-8,4.308255434036255
2,1,-8,17.589353322982788
3,-1,-5,27.856601238250732
