,current_value,total_value,time
0,-1,-1,1.2781317234039307
1,1,-2,11.891395807266235
2,-1,-1,26.302719831466675
