,current_value,total_value,time
0,-1,-1,7.51871919631958
1,-1,-6,26.0921847820282
