,current_value,total_value,time
0,-1,-1,7.79003334
1,1,0,15.47706485
2,1,1,24.71919751
3,-1,0,28.6467557
