,current_value,total_value,time
0,1,1,11.68083119392395
1,1,6,17.87049102783203
2,-1,8,23.665297985076904
